{
  "age": {
    "mean": 18874.980770596478,
    "std": 4133.152035051811,
    "q25": 17486.0,
    "q75": 21281.25
  },
  "gender": {
    "mean": 1.348087096636199,
    "std": 0.4781300482997516,
    "q25": 1.0,
    "q75": 2.0
  },
  "height": {
    "mean": 164.35922857142856,
    "std": 8.210126364538038,
    "q25": 159.0,
    "q75": 170.0
  },
  "weight": {
    "mean": 74.20569,
    "std": 14.395756678511379,
    "q25": 65.0,
    "q75": 82.0
  },
  "blood_pressure_systolic": {
    "mean": 127.93020933039244,
    "std": 151.96931281000496,
    "q25": 120.0,
    "q75": 140.0
  },
  "blood_pressure_diastolic": {
    "mean": 96.6100827743685,
    "std": 188.37978307823155,
    "q25": 80.0,
    "q75": 90.0
  },
  "cholesterol": {
    "mean": 3.8497249259415995,
    "std": 25.28283326844603,
    "q25": 1.0,
    "q75": 2.0
  },
  "glucose": {
    "mean": 3.4889127475334374,
    "std": 18.29008577635978,
    "q25": 1.0,
    "q75": 1.0
  },
  "smoking": {
    "mean": 0.08812857142857143,
    "std": 0.28348381676993517,
    "q25": 0.0,
    "q75": 0.0
  },
  "alcohol": {
    "mean": 0.053771428571428574,
    "std": 0.2255677036041049,
    "q25": 0.0,
    "q75": 0.0
  },
  "physical_activity": {
    "mean": 0.8037285714285715,
    "std": 0.3971790635049283,
    "q25": 1.0,
    "q75": 1.0
  },
  "bmi": {
    "mean": 31.992578124999998,
    "std": 7.884160320375446,
    "q25": 27.3,
    "q75": 36.6
  },
  "insulin": {
    "mean": 79.79947916666667,
    "std": 115.24400235133817,
    "q25": 0.0,
    "q75": 127.25
  },
  "pregnancies": {
    "mean": 3.8450520833333335,
    "std": 3.3695780626988694,
    "q25": 1.0,
    "q75": 6.0
  },
  "skin_thickness": {
    "mean": 20.536458333333332,
    "std": 15.952217567727637,
    "q25": 0.0,
    "q75": 32.0
  },
  "diabetes_pedigree": {
    "mean": 0.47187630208333325,
    "std": 0.3313285950127749,
    "q25": 0.24375,
    "q75": 0.62625
  },
  "heart_rate": {
    "mean": 133.54545454545453,
    "std": 28.91341127180251,
    "q25": 114.0,
    "q75": 155.0
  },
  "exercise_angina": {
    "mean": 0.3895953757225434,
    "std": 0.48794063464888254,
    "q25": 0.0,
    "q75": 1.0
  },
  "st_depression": {
    "mean": 0.8787878787878788,
    "std": 1.09122624834653,
    "q25": 0.0,
    "q75": 1.5
  },
  "vessels": {
    "mean": 0.6763754045307443,
    "std": 0.935653012559987,
    "q25": 0.0,
    "q75": 1.0
  },
  "creatinine": {
    "mean": 2.6296874999999997,
    "std": 5.069845574445831,
    "q25": 0.8,
    "q75": 2.3125
  },
  "hemoglobin": {
    "mean": 12.526436781609197,
    "std": 2.912586608826764,
    "q25": 10.3,
    "q75": 15.0
  },
  "serum_creatinine": {
    "mean": 2.6296874999999997,
    "std": 5.069845574445831,
    "q25": 0.8,
    "q75": 2.3125
  },
  "blood_urea": {
    "mean": 57.425721784776904,
    "std": 50.50300584922251,
    "q25": 27.0,
    "q75": 66.0
  },
  "sodium": {
    "mean": 137.52875399361022,
    "std": 10.408752051798782,
    "q25": 135.0,
    "q75": 142.0
  },
  "potassium": {
    "mean": 4.62724358974359,
    "std": 3.193904176556695,
    "q25": 3.8,
    "q75": 4.9
  },
  "packed_cell_volume": {
    "mean": 38.88449848024316,
    "std": 8.990104814740937,
    "q25": 32.0,
    "q75": 45.0
  },
  "white_blood_cell": {
    "mean": 8406.122448979591,
    "std": 2944.4741904103385,
    "q25": 6500.0,
    "q75": 9800.0
  },
  "red_blood_cell": {
    "mean": 4.707434944237918,
    "std": 1.0253232655721793,
    "q25": 3.9,
    "q75": 5.4
  }
}